-- =============================================================
-- Donezo demo seed — idempotent (all inserts use on conflict do nothing)
-- Delete the seed user once real users sign up.
--
-- Stable uuid constants:
--   Seed user:      11111111-1111-1111-1111-111111111111
--   Workspace:      22222222-2222-2222-2222-222222222222
--   Board:          33333333-3333-3333-3333-333333333333
--   Group To do:    44444444-4444-4444-4444-444444444401
--   Group Doing:    44444444-4444-4444-4444-444444444402
--   Group Done:     44444444-4444-4444-4444-444444444403
--   Column title:   55555555-5555-5555-5555-555555555501
--   Column status:  55555555-5555-5555-5555-555555555502
--   Column person:  55555555-5555-5555-5555-555555555503
--   Column date:    55555555-5555-5555-5555-555555555504
--   Column number:  55555555-5555-5555-5555-555555555505
--   Label working:  66666666-6666-6666-6666-666666666601
--   Label done:     66666666-6666-6666-6666-666666666602
--   Label stuck:    66666666-6666-6666-6666-666666666603
--   Tasks 001–012:  77777777-7777-7777-7777-777777770NNN  (NNN = 001..012)
-- =============================================================

-- ------------------------------------------------------------
-- 1. Auth user (service role bypasses RLS; trigger creates profile)
-- ------------------------------------------------------------
insert into auth.users (
  id,
  instance_id,
  email,
  email_confirmed_at,
  raw_app_meta_data,
  raw_user_meta_data,
  aud,
  role,
  created_at,
  updated_at
) values (
  '11111111-1111-1111-1111-111111111111',
  '00000000-0000-0000-0000-000000000000',
  'seed@donezo.local',
  now(),
  '{"provider":"email","providers":["email"]}'::jsonb,
  '{"name":"Seed User"}'::jsonb,
  'authenticated',
  'authenticated',
  now(),
  now()
) on conflict (id) do nothing;

-- ------------------------------------------------------------
-- 2. Workspace + member
-- ------------------------------------------------------------
insert into public.workspace (id, slug, name, created_by) values (
  '22222222-2222-2222-2222-222222222222',
  'demo',
  'Donezo Demo',
  '11111111-1111-1111-1111-111111111111'
) on conflict (id) do nothing;

insert into public.workspace_member (workspace_id, user_id, role) values (
  '22222222-2222-2222-2222-222222222222',
  '11111111-1111-1111-1111-111111111111',
  'owner'
) on conflict do nothing;

-- ------------------------------------------------------------
-- 3. Board + member
-- ------------------------------------------------------------
insert into public.board (id, workspace_id, name, created_by) values (
  '33333333-3333-3333-3333-333333333333',
  '22222222-2222-2222-2222-222222222222',
  'Welcome',
  '11111111-1111-1111-1111-111111111111'
) on conflict (id) do nothing;

insert into public.board_member (board_id, user_id, role) values (
  '33333333-3333-3333-3333-333333333333',
  '11111111-1111-1111-1111-111111111111',
  'owner'
) on conflict do nothing;

-- ------------------------------------------------------------
-- 4. Columns (positions 1–5: title, status, person, date, number)
-- ------------------------------------------------------------
insert into public."column" (id, board_id, name, type, position) values
  ('55555555-5555-5555-5555-555555555501', '33333333-3333-3333-3333-333333333333', 'Task',   'text',   1),
  ('55555555-5555-5555-5555-555555555502', '33333333-3333-3333-3333-333333333333', 'Status', 'status', 2),
  ('55555555-5555-5555-5555-555555555503', '33333333-3333-3333-3333-333333333333', 'Person', 'person', 3),
  ('55555555-5555-5555-5555-555555555504', '33333333-3333-3333-3333-333333333333', 'Due',    'date',   4),
  ('55555555-5555-5555-5555-555555555505', '33333333-3333-3333-3333-333333333333', 'Points', 'number', 5)
on conflict (id) do nothing;

-- ------------------------------------------------------------
-- 5. Groups (positions 1–3)
-- ------------------------------------------------------------
insert into public."group" (id, board_id, name, position) values
  ('44444444-4444-4444-4444-444444444401', '33333333-3333-3333-3333-333333333333', 'To do',  1),
  ('44444444-4444-4444-4444-444444444402', '33333333-3333-3333-3333-333333333333', 'Doing',  2),
  ('44444444-4444-4444-4444-444444444403', '33333333-3333-3333-3333-333333333333', 'Done',   3)
on conflict (id) do nothing;

-- ------------------------------------------------------------
-- 6. Status labels for the status column
-- ------------------------------------------------------------
insert into public.label (id, column_id, name, color, position) values
  ('66666666-6666-6666-6666-666666666601', '55555555-5555-5555-5555-555555555502', 'Working on it', '#fdab3d', 1),
  ('66666666-6666-6666-6666-666666666602', '55555555-5555-5555-5555-555555555502', 'Done',          '#00c875', 2),
  ('66666666-6666-6666-6666-666666666603', '55555555-5555-5555-5555-555555555502', 'Stuck',         '#e2445c', 3)
on conflict (id) do nothing;

-- ------------------------------------------------------------
-- 7. Tasks — 4 per group (12 total); board_id set by trigger
-- ------------------------------------------------------------

-- Group: To do (001–004)
insert into public.task (id, group_id, board_id, title, position, created_by) values
  ('77777777-7777-7777-7777-777777770001', '44444444-4444-4444-4444-444444444401', '33333333-3333-3333-3333-333333333333', 'Wire up authentication',          1, '11111111-1111-1111-1111-111111111111'),
  ('77777777-7777-7777-7777-777777770002', '44444444-4444-4444-4444-444444444401', '33333333-3333-3333-3333-333333333333', 'Design board view layout',        2, '11111111-1111-1111-1111-111111111111'),
  ('77777777-7777-7777-7777-777777770003', '44444444-4444-4444-4444-444444444401', '33333333-3333-3333-3333-333333333333', 'Set up CI pipeline',              3, '11111111-1111-1111-1111-111111111111'),
  ('77777777-7777-7777-7777-777777770004', '44444444-4444-4444-4444-444444444401', '33333333-3333-3333-3333-333333333333', 'Write onboarding copy',           4, '11111111-1111-1111-1111-111111111111')
on conflict (id) do nothing;

-- Group: Doing (005–008)
insert into public.task (id, group_id, board_id, title, position, created_by) values
  ('77777777-7777-7777-7777-777777770005', '44444444-4444-4444-4444-444444444402', '33333333-3333-3333-3333-333333333333', 'Implement drag-and-drop for tasks', 1, '11111111-1111-1111-1111-111111111111'),
  ('77777777-7777-7777-7777-777777770006', '44444444-4444-4444-4444-444444444402', '33333333-3333-3333-3333-333333333333', 'Build column settings panel',       2, '11111111-1111-1111-1111-111111111111'),
  ('77777777-7777-7777-7777-777777770007', '44444444-4444-4444-4444-444444444402', '33333333-3333-3333-3333-333333333333', 'Set up RLS policies',               3, '11111111-1111-1111-1111-111111111111'),
  ('77777777-7777-7777-7777-777777770008', '44444444-4444-4444-4444-444444444402', '33333333-3333-3333-3333-333333333333', 'Integrate Resend for email',        4, '11111111-1111-1111-1111-111111111111')
on conflict (id) do nothing;

-- Group: Done (009–012)
insert into public.task (id, group_id, board_id, title, position, created_by) values
  ('77777777-7777-7777-7777-777777770009', '44444444-4444-4444-4444-444444444403', '33333333-3333-3333-3333-333333333333', 'Scaffold Next.js app',              1, '11111111-1111-1111-1111-111111111111'),
  ('77777777-7777-7777-7777-777777770010', '44444444-4444-4444-4444-444444444403', '33333333-3333-3333-3333-333333333333', 'Provision Supabase project',        2, '11111111-1111-1111-1111-111111111111'),
  ('77777777-7777-7777-7777-777777770011', '44444444-4444-4444-4444-444444444403', '33333333-3333-3333-3333-333333333333', 'Define initial database schema',    3, '11111111-1111-1111-1111-111111111111'),
  ('77777777-7777-7777-7777-777777770012', '44444444-4444-4444-4444-444444444403', '33333333-3333-3333-3333-333333333333', 'Configure Vercel deployment',       4, '11111111-1111-1111-1111-111111111111')
on conflict (id) do nothing;

-- ------------------------------------------------------------
-- 8. Cells
-- ------------------------------------------------------------

-- Title cells (text_value) — all 12 tasks
insert into public.cell (task_id, column_id, text_value) values
  ('77777777-7777-7777-7777-777777770001', '55555555-5555-5555-5555-555555555501', 'Wire up authentication'),
  ('77777777-7777-7777-7777-777777770002', '55555555-5555-5555-5555-555555555501', 'Design board view layout'),
  ('77777777-7777-7777-7777-777777770003', '55555555-5555-5555-5555-555555555501', 'Set up CI pipeline'),
  ('77777777-7777-7777-7777-777777770004', '55555555-5555-5555-5555-555555555501', 'Write onboarding copy'),
  ('77777777-7777-7777-7777-777777770005', '55555555-5555-5555-5555-555555555501', 'Implement drag-and-drop for tasks'),
  ('77777777-7777-7777-7777-777777770006', '55555555-5555-5555-5555-555555555501', 'Build column settings panel'),
  ('77777777-7777-7777-7777-777777770007', '55555555-5555-5555-5555-555555555501', 'Set up RLS policies'),
  ('77777777-7777-7777-7777-777777770008', '55555555-5555-5555-5555-555555555501', 'Integrate Resend for email'),
  ('77777777-7777-7777-7777-777777770009', '55555555-5555-5555-5555-555555555501', 'Scaffold Next.js app'),
  ('77777777-7777-7777-7777-777777770010', '55555555-5555-5555-5555-555555555501', 'Provision Supabase project'),
  ('77777777-7777-7777-7777-777777770011', '55555555-5555-5555-5555-555555555501', 'Define initial database schema'),
  ('77777777-7777-7777-7777-777777770012', '55555555-5555-5555-5555-555555555501', 'Configure Vercel deployment')
on conflict (task_id, column_id) do nothing;

-- Status cells (label_id) — 10 of 12 tasks across 3 labels
insert into public.cell (task_id, column_id, label_id) values
  -- To do group: mix of Working on it and Stuck
  ('77777777-7777-7777-7777-777777770001', '55555555-5555-5555-5555-555555555502', '66666666-6666-6666-6666-666666666601'), -- Working on it
  ('77777777-7777-7777-7777-777777770002', '55555555-5555-5555-5555-555555555502', '66666666-6666-6666-6666-666666666603'), -- Stuck
  ('77777777-7777-7777-7777-777777770003', '55555555-5555-5555-5555-555555555502', '66666666-6666-6666-6666-666666666601'), -- Working on it
  -- Doing group: mostly Working on it
  ('77777777-7777-7777-7777-777777770005', '55555555-5555-5555-5555-555555555502', '66666666-6666-6666-6666-666666666601'), -- Working on it
  ('77777777-7777-7777-7777-777777770006', '55555555-5555-5555-5555-555555555502', '66666666-6666-6666-6666-666666666601'), -- Working on it
  ('77777777-7777-7777-7777-777777770007', '55555555-5555-5555-5555-555555555502', '66666666-6666-6666-6666-666666666603'), -- Stuck
  ('77777777-7777-7777-7777-777777770008', '55555555-5555-5555-5555-555555555502', '66666666-6666-6666-6666-666666666601'), -- Working on it
  -- Done group: all Done
  ('77777777-7777-7777-7777-777777770009', '55555555-5555-5555-5555-555555555502', '66666666-6666-6666-6666-666666666602'), -- Done
  ('77777777-7777-7777-7777-777777770010', '55555555-5555-5555-5555-555555555502', '66666666-6666-6666-6666-666666666602'), -- Done
  ('77777777-7777-7777-7777-777777770011', '55555555-5555-5555-5555-555555555502', '66666666-6666-6666-6666-666666666602')  -- Done
on conflict (task_id, column_id) do nothing;

-- Person cells (json_value — array of user uuids) — 4 tasks
insert into public.cell (task_id, column_id, json_value) values
  ('77777777-7777-7777-7777-777777770001', '55555555-5555-5555-5555-555555555503', '["11111111-1111-1111-1111-111111111111"]'::jsonb),
  ('77777777-7777-7777-7777-777777770005', '55555555-5555-5555-5555-555555555503', '["11111111-1111-1111-1111-111111111111"]'::jsonb),
  ('77777777-7777-7777-7777-777777770007', '55555555-5555-5555-5555-555555555503', '["11111111-1111-1111-1111-111111111111"]'::jsonb),
  ('77777777-7777-7777-7777-777777770011', '55555555-5555-5555-5555-555555555503', '["11111111-1111-1111-1111-111111111111"]'::jsonb)
on conflict (task_id, column_id) do nothing;

-- Date cells (date_value) — 4 tasks
insert into public.cell (task_id, column_id, date_value) values
  ('77777777-7777-7777-7777-777777770002', '55555555-5555-5555-5555-555555555504', now() + interval '14 days'),
  ('77777777-7777-7777-7777-777777770003', '55555555-5555-5555-5555-555555555504', now() + interval '7 days'),
  ('77777777-7777-7777-7777-777777770006', '55555555-5555-5555-5555-555555555504', now() + interval '5 days'),
  ('77777777-7777-7777-7777-777777770008', '55555555-5555-5555-5555-555555555504', now() + interval '3 days')
on conflict (task_id, column_id) do nothing;

-- Number cells (number_value — story points) — 4 tasks
insert into public.cell (task_id, column_id, number_value) values
  ('77777777-7777-7777-7777-777777770001', '55555555-5555-5555-5555-555555555505', 5),
  ('77777777-7777-7777-7777-777777770005', '55555555-5555-5555-5555-555555555505', 8),
  ('77777777-7777-7777-7777-777777770007', '55555555-5555-5555-5555-555555555505', 3),
  ('77777777-7777-7777-7777-777777770011', '55555555-5555-5555-5555-555555555505', 2)
on conflict (task_id, column_id) do nothing;

-- ------------------------------------------------------------
-- 9. Reload PostgREST schema cache
-- ------------------------------------------------------------
notify pgrst, 'reload schema';
